﻿<LinkSources version="1.02">
  <page ID="2E22DD81-FB3F-EB11-ACBC-10DDB1E24E55">
    <linkSource sourcePageID="4E078FD5-FA3F-EB11-ACBC-10DDB1E24E55" comID="9086E9EA-FB3F-EB11-ACBC-10DDB1E24E55" comLinkType="cltPageLink"/>
    <linkSource sourcePageID="9C69843C-FD3F-EB11-ACBC-10DDB1E24E55" comID="BE5EB990-0240-EB11-9195-10DDB1E24E55" comLinkType="cltPageLink"/>
    <linkSource sourcePageID="2661EDAF-0340-EB11-9195-10DDB1E24E55" comID="BE5EB990-0240-EB11-9195-10DDB1E24E55" comLinkType="cltPageLink"/>
  </page>
  <page ID="4E078FD5-FA3F-EB11-ACBC-10DDB1E24E55">
    <linkSource sourcePageID="2E22DD81-FB3F-EB11-ACBC-10DDB1E24E55" comID="E40C4B97-FA3F-EB11-ACBC-10DDB1E24E55" comLinkType="cltPageLink"/>
    <linkSource sourcePageID="38F7A76D-E03D-EB11-A96F-10DDB1E24E55" comID="E40C4B97-FA3F-EB11-ACBC-10DDB1E24E55" comLinkType="cltPageLink"/>
    <linkSource sourcePageID="C857BC8C-FB3F-EB11-ACBC-10DDB1E24E55" comID="E40C4B97-FA3F-EB11-ACBC-10DDB1E24E55" comLinkType="cltPageLink"/>
  </page>
  <page ID="38F7A76D-E03D-EB11-A96F-10DDB1E24E55">
    <linkSource sourcePageID="4E078FD5-FA3F-EB11-ACBC-10DDB1E24E55" comID="CC1322EE-FB3F-EB11-ACBC-10DDB1E24E55" comLinkType="cltPageLink"/>
    <linkSource sourcePageID="38F7A76D-E03D-EB11-A96F-10DDB1E24E55" comID="E40C4B97-FA3F-EB11-ACBC-10DDB1E24E55" comLinkType="cltPageLink"/>
    <linkSource sourcePageID="FCC32672-0640-EB11-9195-10DDB1E24E55" comID="BE5EB990-0240-EB11-9195-10DDB1E24E55" comLinkType="cltPageLink"/>
  </page>
  <page ID="C857BC8C-FB3F-EB11-ACBC-10DDB1E24E55">
    <linkSource sourcePageID="4E078FD5-FA3F-EB11-ACBC-10DDB1E24E55" comID="DE50FCF1-FB3F-EB11-ACBC-10DDB1E24E55" comLinkType="cltPageLink"/>
    <linkSource sourcePageID="C857BC8C-FB3F-EB11-ACBC-10DDB1E24E55" comID="E40C4B97-FA3F-EB11-ACBC-10DDB1E24E55" comLinkType="cltPageLink"/>
    <linkSource sourcePageID="2661EDAF-0340-EB11-9195-10DDB1E24E55" comID="BE5EB990-0240-EB11-9195-10DDB1E24E55" comLinkType="cltPageLink"/>
    <linkSource sourcePageID="FCC32672-0640-EB11-9195-10DDB1E24E55" comID="BE5EB990-0240-EB11-9195-10DDB1E24E55" comLinkType="cltPageLink"/>
  </page>
  <page ID="9C69843C-FD3F-EB11-ACBC-10DDB1E24E55">
    <linkSource sourcePageID="2E22DD81-FB3F-EB11-ACBC-10DDB1E24E55" comID="AAC35CCD-F93F-EB11-ACBC-10DDB1E24E55" comLinkType="cltPageLink"/>
  </page>
  <page ID="2661EDAF-0340-EB11-9195-10DDB1E24E55">
    <linkSource sourcePageID="C857BC8C-FB3F-EB11-ACBC-10DDB1E24E55" comID="AAC35CCD-F93F-EB11-ACBC-10DDB1E24E55" comLinkType="cltPageLink"/>
  </page>
  <page ID="FCC32672-0640-EB11-9195-10DDB1E24E55">
    <linkSource sourcePageID="38F7A76D-E03D-EB11-A96F-10DDB1E24E55" comID="AAC35CCD-F93F-EB11-ACBC-10DDB1E24E55" comLinkType="cltPageLink"/>
  </page>
</LinkSources>