﻿<mockup version="5.3" minAllowVersion="5.3" ID="9C69843C-FD3F-EB11-ACBC-10DDB1E24E55" platform="MtDesktop" defaultW="800" defaultH="600" measureW="800" measureH="600" mobileScreenScale="0">
  <controls controlCount="26">
    <control controlID="F6E3EA51-FD3F-EB11-ACBC-10DDB1E24E55" controlTypeID="Shape" x="24" y="24" w="756" h="65" zOrder="0">
      <color>4290559164</color>
      <borderColor>4278190080</borderColor>
      <borderVisible>False</borderVisible>
      <font family="Times+New+Roman" displayName="Times+New+Roman+Bold" postScript="TimesNewRomanPS-BoldMT" weightStyle="Bold" weight="700" isBold="True" isItalic="False" useDefaultFontFamily="False"/>
      <text>STUDENT+PANEL%0A</text>
      <textColor>4294967295</textColor>
      <textSize>20</textSize>
      <textStyles>[fsBold]</textStyles>
      <useDefaultTextSize>False</useDefaultTextSize>
      <selectedIndex>-1</selectedIndex>
      <dashMode>SdDash</dashMode>
      <radius>8</radius>
    </control>
    <control controlID="BAF51795-FD3F-EB11-ACBC-10DDB1E24E55" controlTypeID="Table" x="24" y="138" w="233" h="90" zOrder="1">
      <font family=".AppleSystemUIFont" displayName=".AppleSystemUIFont" postScript="" weightStyle="Regular" weight="400" isBold="False" isItalic="False"/>
      <text>Student+ID%3A+s100%09Student+Name%3A+Moaz%09Student+Address%3A+Lahore</text>
      <textAlign>HaCenter</textAlign>
      <lineSpacing>0</lineSpacing>
      <thickness>1</thickness>
      <dashMode>SdSolid</dashMode>
      <tableStyle>tsNone</tableStyle>
      <backColor>4291611852</backColor>
      <fontFamily/>
      <fontWeight>Regular</fontWeight>
      <textStyles>[]</textStyles>
      <cells>
        <cell rows="0,0" cols="0,0">
          <backColor>4293190884</backColor>
          <textHAlign>HaLeft</textHAlign>
          <fontFamily>.AppleSystemUIFont</fontFamily>
          <fontWeight>Regular</fontWeight>
          <textStyles>[]</textStyles>
          <text>Student+ID%3A+s100</text>
          <textHeight>27</textHeight>
          <font family=".AppleSystemUIFont" displayName=".AppleSystemUIFont" postScript="" weightStyle="Regular" weight="400" isBold="False" isItalic="False"/>
        </cell>
        <cell rows="1,1" cols="0,0">
          <backColor>4294111986</backColor>
          <textHAlign>HaLeft</textHAlign>
          <fontFamily>.AppleSystemUIFont</fontFamily>
          <fontWeight>Regular</fontWeight>
          <textStyles>[]</textStyles>
          <text>Student+Name%3A+Moaz</text>
          <textHeight>27</textHeight>
          <font family=".AppleSystemUIFont" displayName=".AppleSystemUIFont" postScript="" weightStyle="Regular" weight="400" isBold="False" isItalic="False"/>
        </cell>
        <cell rows="2,2" cols="0,0">
          <backColor>4293190884</backColor>
          <textHAlign>HaLeft</textHAlign>
          <fontFamily>.AppleSystemUIFont</fontFamily>
          <fontWeight>Regular</fontWeight>
          <textStyles>[]</textStyles>
          <text>Student+Address%3A+Lahore</text>
          <textHeight>27</textHeight>
          <font family=".AppleSystemUIFont" displayName=".AppleSystemUIFont" postScript="" weightStyle="Regular" weight="400" isBold="False" isItalic="False"/>
        </cell>
      </cells>
      <rows>
        <row height="30">
          <backColor>4293190884</backColor>
          <textHAlign>HaLeft</textHAlign>
          <fontFamily/>
          <fontWeight>Regular</fontWeight>
          <textStyles>[]</textStyles>
          <isAutoRowHeight>True</isAutoRowHeight>
        </row>
        <row height="30">
          <backColor>4294111986</backColor>
          <textHAlign>HaLeft</textHAlign>
          <fontFamily/>
          <fontWeight>Regular</fontWeight>
          <textStyles>[]</textStyles>
          <isAutoRowHeight>True</isAutoRowHeight>
        </row>
        <row height="30">
          <backColor>4293190884</backColor>
          <textHAlign>HaLeft</textHAlign>
          <fontFamily/>
          <fontWeight>Regular</fontWeight>
          <textStyles>[]</textStyles>
          <isAutoRowHeight>True</isAutoRowHeight>
        </row>
      </rows>
      <cols>
        <col width="233">
          <backColor>4291611852</backColor>
          <fontFamily/>
          <fontWeight>Regular</fontWeight>
          <textStyles>[]</textStyles>
        </col>
      </cols>
      <textSize>12</textSize>
    </control>
    <control controlID="9E7B3954-FE3F-EB11-ACBC-10DDB1E24E55" controlTypeID="Shape" x="280" y="137" w="109" h="92" zOrder="2">
      <color>4293190884</color>
      <borderColor>4288782753</borderColor>
      <font family=".AppleSystemUIFont" displayName=".AppleSystemUIFont" postScript="" weightStyle="Bold" weight="700" isBold="True" isItalic="False"/>
      <text>SGPA%3A+3.6%0ACGPA%3A+3.6</text>
      <textStyles>[fsBold]</textStyles>
      <selectedIndex>-1</selectedIndex>
      <textSize>12</textSize>
    </control>
    <control controlID="D2EFF5BC-FE3F-EB11-ACBC-10DDB1E24E55" controlTypeID="TextArea" x="408" y="137" w="372" h="90" zOrder="3">
      <borderColor>4287006342</borderColor>
      <font family=".AppleSystemUIFont" displayName=".AppleSystemUIFont" postScript="" weightStyle="Regular" weight="400" isBold="False" isItalic="False"/>
      <text>Pellentesque+iaculis%2C+augue+eu+bibendum+posuere%2C+erat+orci+vestibulum+mi%2C+id+tempor+augue+enim+ut+sapien.+Class+aptent+taciti+sociosqu+ad+litora+torquent+per+conubia+nostra%2C+per+inceptos+himenaeos.+Mauris+scelerisque+orci+sed+sapien+vulputate+aliquam.+Sed+volutpat+maximus+libero+eget+porttitor.+Ut+a+massa+porta%2C+dapibus+justo+sed%2C+varius+sapien.+Cum+sociis+natoque+penatibus+et+magnis+dis+parturient+montes%2C+nascetur+ridiculus+mus.+Praesent+neque+arcu%2C+aliquam+ut+eros+sollicitudin%2C+fermentum+venenatis+risus.+Vestibulum+eleifend+ligula+a+odio+tristique%2C+et+molestie+lacus+pretium.+Etiam+tempus+ornare+eros+vel+pharetra.+Pellentesque+in+felis+quam.+In+risus+justo%2C+congue+ut+quam+vel%2C+dictum+dapibus+nunc.%0D%0A</text>
      <textSize>12</textSize>
      <selectedIndex>-1</selectedIndex>
    </control>
    <control controlID="387D01DC-FE3F-EB11-ACBC-10DDB1E24E55" controlTypeID="Shape" x="24" y="105" w="233" h="33" zOrder="4">
      <color>4294111986</color>
      <font family=".AppleSystemUIFont" displayName=".AppleSystemUIFont" postScript="" weightStyle="Bold" weight="700" isBold="True" isItalic="False"/>
      <text>Student+Details</text>
      <textSize>16</textSize>
      <textStyles>[fsBold]</textStyles>
      <useDefaultTextSize>False</useDefaultTextSize>
      <selectedIndex>-1</selectedIndex>
    </control>
    <control controlID="E8BF2B00-FF3F-EB11-ACBC-10DDB1E24E55" controlTypeID="Shape" x="280" y="104" w="109" h="33" zOrder="5">
      <color>4294111986</color>
      <font family=".AppleSystemUIFont" displayName=".AppleSystemUIFont" postScript="" weightStyle="Bold" weight="700" isBold="True" isItalic="False"/>
      <text>GPA</text>
      <textSize>16</textSize>
      <textStyles>[fsBold]</textStyles>
      <useDefaultTextSize>False</useDefaultTextSize>
      <selectedIndex>-1</selectedIndex>
    </control>
    <control controlID="60AC263C-FF3F-EB11-ACBC-10DDB1E24E55" controlTypeID="Shape" x="408" y="104" w="372" h="33" zOrder="6">
      <color>4294111986</color>
      <font family=".AppleSystemUIFont" displayName=".AppleSystemUIFont" postScript="" weightStyle="Bold" weight="700" isBold="True" isItalic="False"/>
      <text>Notification+Panel</text>
      <textSize>16</textSize>
      <textStyles>[fsBold]</textStyles>
      <useDefaultTextSize>False</useDefaultTextSize>
      <selectedIndex>-1</selectedIndex>
    </control>
    <control controlID="8CB5915F-FF3F-EB11-ACBC-10DDB1E24E55" controlTypeID="Table" x="24" y="301" w="365" h="101" zOrder="7">
      <font family=".AppleSystemUIFont" displayName=".AppleSystemUIFont" postScript="" weightStyle="Regular" weight="400" isBold="False" isItalic="False"/>
      <text>Rregistration+ID%09Course+Name%09Course+ID%09r100101%09OOP%09c101%09r100102%09Stats%09c201</text>
      <textAlign>HaCenter</textAlign>
      <lineSpacing>0</lineSpacing>
      <thickness>1</thickness>
      <dashMode>SdSolid</dashMode>
      <tableStyle>tsNone</tableStyle>
      <fontFamily/>
      <fontWeight>Regular</fontWeight>
      <textStyles>[]</textStyles>
      <cells>
        <cell rows="0,0" cols="0,0">
          <backColor>4293190884</backColor>
          <fontFamily>.AppleSystemUIFont</fontFamily>
          <fontWeight>Bold</fontWeight>
          <textStyles>[fsBold]</textStyles>
          <text>Rregistration+ID</text>
          <textHeight>27</textHeight>
          <font family=".AppleSystemUIFont" displayName=".AppleSystemUIFont" postScript="" weightStyle="Bold" weight="700" isBold="True" isItalic="False"/>
        </cell>
        <cell rows="0,0" cols="1,1">
          <backColor>4293190884</backColor>
          <fontFamily>.AppleSystemUIFont</fontFamily>
          <fontWeight>Bold</fontWeight>
          <textStyles>[fsBold]</textStyles>
          <text>Course+Name</text>
          <textHeight>27</textHeight>
          <font family=".AppleSystemUIFont" displayName=".AppleSystemUIFont" postScript="" weightStyle="Bold" weight="700" isBold="True" isItalic="False"/>
        </cell>
        <cell rows="0,0" cols="2,2">
          <backColor>4293190884</backColor>
          <fontFamily>.AppleSystemUIFont</fontFamily>
          <fontWeight>Bold</fontWeight>
          <textStyles>[fsBold]</textStyles>
          <text>Course+ID</text>
          <textHeight>27</textHeight>
          <font family=".AppleSystemUIFont" displayName=".AppleSystemUIFont" postScript="" weightStyle="Bold" weight="700" isBold="True" isItalic="False"/>
        </cell>
        <cell rows="1,1" cols="0,0">
          <backColor>4294111986</backColor>
          <fontFamily>.AppleSystemUIFont</fontFamily>
          <fontWeight>Regular</fontWeight>
          <textStyles>[]</textStyles>
          <text>r100101</text>
          <textHeight>27</textHeight>
          <font family=".AppleSystemUIFont" displayName=".AppleSystemUIFont" postScript="" weightStyle="Regular" weight="400" isBold="False" isItalic="False"/>
        </cell>
        <cell rows="1,1" cols="1,1">
          <backColor>4294111986</backColor>
          <fontFamily>.AppleSystemUIFont</fontFamily>
          <fontWeight>Regular</fontWeight>
          <textStyles>[]</textStyles>
          <text>OOP</text>
          <textHeight>27</textHeight>
          <font family=".AppleSystemUIFont" displayName=".AppleSystemUIFont" postScript="" weightStyle="Regular" weight="400" isBold="False" isItalic="False"/>
        </cell>
        <cell rows="1,1" cols="2,2">
          <backColor>4294111986</backColor>
          <fontFamily>.AppleSystemUIFont</fontFamily>
          <fontWeight>Regular</fontWeight>
          <textStyles>[]</textStyles>
          <text>c101</text>
          <textHeight>27</textHeight>
          <font family=".AppleSystemUIFont" displayName=".AppleSystemUIFont" postScript="" weightStyle="Regular" weight="400" isBold="False" isItalic="False"/>
        </cell>
        <cell rows="2,2" cols="0,0">
          <backColor>4293190884</backColor>
          <fontSize>12</fontSize>
          <textHAlign>HaCenter</textHAlign>
          <textVAlign>VaMiddle</textVAlign>
          <textColor>4278190080</textColor>
          <textWordWrap>True</textWordWrap>
          <fontFamily>.AppleSystemUIFont</fontFamily>
          <fontWeight>Regular</fontWeight>
          <textStyles>[]</textStyles>
          <text>r100102</text>
          <textHeight>27</textHeight>
          <font family=".AppleSystemUIFont" displayName=".AppleSystemUIFont" postScript="" weightStyle="Regular" weight="400" isBold="False" isItalic="False"/>
        </cell>
        <cell rows="2,2" cols="1,1">
          <backColor>4293190884</backColor>
          <fontSize>12</fontSize>
          <textHAlign>HaCenter</textHAlign>
          <textVAlign>VaMiddle</textVAlign>
          <textColor>4278190080</textColor>
          <textWordWrap>True</textWordWrap>
          <fontFamily>.AppleSystemUIFont</fontFamily>
          <fontWeight>Regular</fontWeight>
          <textStyles>[]</textStyles>
          <text>Stats</text>
          <textHeight>27</textHeight>
          <font family=".AppleSystemUIFont" displayName=".AppleSystemUIFont" postScript="" weightStyle="Regular" weight="400" isBold="False" isItalic="False"/>
        </cell>
        <cell rows="2,2" cols="2,2">
          <backColor>4293190884</backColor>
          <fontSize>12</fontSize>
          <textHAlign>HaCenter</textHAlign>
          <textVAlign>VaMiddle</textVAlign>
          <textColor>4278190080</textColor>
          <textWordWrap>True</textWordWrap>
          <fontFamily>.AppleSystemUIFont</fontFamily>
          <fontWeight>Regular</fontWeight>
          <textStyles>[]</textStyles>
          <text>c201</text>
          <textHeight>27</textHeight>
          <font family=".AppleSystemUIFont" displayName=".AppleSystemUIFont" postScript="" weightStyle="Regular" weight="400" isBold="False" isItalic="False"/>
        </cell>
      </cells>
      <rows>
        <row height="30">
          <backColor>4293190884</backColor>
          <fontFamily/>
          <fontWeight>Regular</fontWeight>
          <textStyles>[]</textStyles>
          <isAutoRowHeight>True</isAutoRowHeight>
        </row>
        <row height="30">
          <backColor>4294111986</backColor>
          <fontFamily/>
          <fontWeight>Regular</fontWeight>
          <textStyles>[]</textStyles>
          <isAutoRowHeight>True</isAutoRowHeight>
        </row>
        <row height="41">
          <backColor>4293190884</backColor>
          <fontFamily/>
          <fontWeight>Regular</fontWeight>
          <textStyles>[]</textStyles>
          <isAutoRowHeight>False</isAutoRowHeight>
        </row>
      </rows>
      <cols>
        <col width="111">
          <fontFamily/>
          <fontWeight>Regular</fontWeight>
          <textStyles>[]</textStyles>
        </col>
        <col width="115">
          <fontFamily/>
          <fontWeight>Regular</fontWeight>
          <textStyles>[]</textStyles>
        </col>
        <col width="139">
          <fontFamily/>
          <fontWeight>Regular</fontWeight>
          <textStyles>[]</textStyles>
        </col>
      </cols>
      <textSize>12</textSize>
    </control>
    <control controlID="CC97ECAA-FF3F-EB11-ACBC-10DDB1E24E55" controlTypeID="Shape" x="24" y="264" w="365" h="37" zOrder="8">
      <color>4294111986</color>
      <borderColor>4278190080</borderColor>
      <font family=".AppleSystemUIFont" displayName=".AppleSystemUIFont" postScript="" weightStyle="Bold" weight="700" isBold="True" isItalic="False"/>
      <text>Currently+Enrolled+Courses</text>
      <textSize>16</textSize>
      <textStyles>[fsBold]</textStyles>
      <useDefaultTextSize>False</useDefaultTextSize>
      <selectedIndex>-1</selectedIndex>
    </control>
    <control controlID="5699FA2E-0040-EB11-ACBC-10DDB1E24E55" controlTypeID="Shape" x="408" y="301" w="181" h="40" zOrder="9">
      <font family=".AppleSystemUIFont" displayName=".AppleSystemUIFont" postScript="" weightStyle="Regular" weight="400" isBold="False" isItalic="False"/>
      <text>++Course+ID%3A</text>
      <textAlign>HaLeft</textAlign>
      <useDefaultTextSize>False</useDefaultTextSize>
      <selectedIndex>-1</selectedIndex>
      <textSize>12</textSize>
    </control>
    <control controlID="CC265A15-0240-EB11-9195-10DDB1E24E55" controlTypeID="Shape" x="408" y="264" w="181" h="37" zOrder="10">
      <color>4294111986</color>
      <borderColor>4278190080</borderColor>
      <font family=".AppleSystemUIFont" displayName=".AppleSystemUIFont" postScript="" weightStyle="Bold" weight="700" isBold="True" isItalic="False"/>
      <text>Enroll+in+a+new+course%0A</text>
      <textSize>16</textSize>
      <textStyles>[fsBold]</textStyles>
      <useDefaultTextSize>False</useDefaultTextSize>
      <selectedIndex>-1</selectedIndex>
    </control>
    <control controlID="9E35C825-0240-EB11-9195-10DDB1E24E55" controlTypeID="Shape" x="408" y="341" w="181" h="61" zOrder="11">
      <color>4290559164</color>
      <interactiveData>
        <entry title="">
          <area shape="0" alt="" ID="{52191D0B-0340-EB11-9195-10DDB1E24E55}" coords="(0,0,181,61)"/>
          <events title="">
            <event eventType="atClick" isChecked="True">
              <behaviour title="" isChecked="True" isWait="False" isLoop="False" execMode="emParallel">
                <target targetID="94BD8C1E-0340-EB11-9195-10DDB1E24E55" isChecked="True" isAutoRecovery="False" isLoop="False" execMode="emSequence">
                  <command name="Popup State Change" isChecked="True" descrition="">
                    <param name="AniInterpolation" value="0" varType="3" description=""/>
                    <param name="AniDuration" value="200" varType="3" description=""/>
                    <param name="AniAutoReverse" value="False" varType="11" description=""/>
                    <param name="AniLoop" value="False" varType="11" description=""/>
                    <param name="AniInterpolationTypeOut" value="False" varType="11" description=""/>
                    <param name="Delay" value="0" varType="3" description=""/>
                    <param name="Value" value="2" varType="3" description=""/>
                    <param name="AniType" value="0" varType="3" description=""/>
                  </command>
                </target>
              </behaviour>
            </event>
          </events>
        </entry>
      </interactiveData>
      <font family=".AppleSystemUIFont" displayName=".AppleSystemUIFont" postScript="" weightStyle="Regular" weight="400" isBold="False" isItalic="False" useDefaultFontFamily="False"/>
      <text>Enroll+Me!</text>
      <selectedIndex>-1</selectedIndex>
      <dashMode>SdDash</dashMode>
      <borderMode>[bmRight,bmBottom]</borderMode>
      <radius>8</radius>
      <textSize>12</textSize>
    </control>
    <control controlID="3E5C7255-0240-EB11-9195-10DDB1E24E55" controlTypeID="Shape" x="599" y="264" w="181" h="37" zOrder="12">
      <color>4294111986</color>
      <borderColor>4278190080</borderColor>
      <font family=".AppleSystemUIFont" displayName=".AppleSystemUIFont" postScript="" weightStyle="Bold" weight="700" isBold="True" isItalic="False"/>
      <text>Withdraw+from+a+course</text>
      <textSize>16</textSize>
      <textStyles>[fsBold]</textStyles>
      <useDefaultTextSize>False</useDefaultTextSize>
      <selectedIndex>-1</selectedIndex>
    </control>
    <control controlID="C876877D-0240-EB11-9195-10DDB1E24E55" controlTypeID="Shape" x="599" y="301" w="181" h="40" zOrder="13">
      <font family=".AppleSystemUIFont" displayName=".AppleSystemUIFont" postScript="" weightStyle="Regular" weight="400" isBold="False" isItalic="False"/>
      <text>++Course+ID%3A</text>
      <textAlign>HaLeft</textAlign>
      <useDefaultTextSize>False</useDefaultTextSize>
      <selectedIndex>-1</selectedIndex>
      <textSize>12</textSize>
    </control>
    <control controlID="AC53E87E-0240-EB11-9195-10DDB1E24E55" controlTypeID="Shape" x="599" y="341" w="181" h="61" zOrder="14">
      <color>4284900966</color>
      <interactiveData>
        <entry title="">
          <area shape="0" alt="" ID="{06EC1D0B-0340-EB11-9195-10DDB1E24E55}" coords="(0,0,181,61)"/>
          <events title="">
            <event eventType="atClick" isChecked="True">
              <behaviour title="" isChecked="True" isWait="False" isLoop="False" execMode="emParallel">
                <target targetID="B270773F-0340-EB11-9195-10DDB1E24E55" isChecked="True" isAutoRecovery="False" isLoop="False" execMode="emSequence">
                  <command name="Popup State Change" isChecked="True" descrition="">
                    <param name="AniInterpolation" value="0" varType="3" description=""/>
                    <param name="AniDuration" value="200" varType="3" description=""/>
                    <param name="AniAutoReverse" value="False" varType="11" description=""/>
                    <param name="AniLoop" value="False" varType="11" description=""/>
                    <param name="AniInterpolationTypeOut" value="False" varType="11" description=""/>
                    <param name="Delay" value="0" varType="3" description=""/>
                    <param name="Value" value="2" varType="3" description=""/>
                    <param name="AniType" value="0" varType="3" description=""/>
                  </command>
                </target>
              </behaviour>
            </event>
          </events>
        </entry>
      </interactiveData>
      <font family=".AppleSystemUIFont" displayName=".AppleSystemUIFont" postScript="" weightStyle="Regular" weight="400" isBold="False" isItalic="False" useDefaultFontFamily="False"/>
      <text>De-Enroll+Me+</text>
      <textColor>4294967295</textColor>
      <selectedIndex>-1</selectedIndex>
      <dashMode>SdDash</dashMode>
      <borderMode>[bmRight,bmBottom]</borderMode>
      <radius>8</radius>
      <textSize>12</textSize>
    </control>
    <control controlID="BE5EB990-0240-EB11-9195-10DDB1E24E55" controlTypeID="Shape" x="599" y="502" w="181" h="62" zOrder="15">
      <color>4278190080</color>
      <links eventType="AtClick" animate="AmNone" animateAutoDelay="0" animateDuration="500">
        <link targetPageID="2E22DD81-FB3F-EB11-ACBC-10DDB1E24E55" linkType="ltPageLink" isApplyIncludePage="False" title="Student+login">
          <area shape="0" alt="" ID="{2C1E60EE-0240-EB11-9195-10DDB1E24E55}" coords="(0,0,181,62)"/>
        </link>
      </links>
      <font family=".AppleSystemUIFont" displayName=".AppleSystemUIFont" postScript="" weightStyle="Bold" weight="700" isBold="True" isItalic="False" useDefaultFontFamily="False"/>
      <text>LOGOUT</text>
      <textColor>4294967295</textColor>
      <textSize>16</textSize>
      <textStyles>[fsBold]</textStyles>
      <useDefaultTextSize>False</useDefaultTextSize>
      <selectedIndex>-1</selectedIndex>
      <dashMode>SdDash</dashMode>
      <borderMode>[bmRight,bmBottom]</borderMode>
      <radius>8</radius>
    </control>
    <control controlID="94BD8C1E-0340-EB11-9195-10DDB1E24E55" controlTypeID="PopupPanel" x="447" y="417" w="46" h="46" zOrder="16">
      <groupChildrenDescriptors>
        <control controlID="6AD88C1E-0340-EB11-9195-10DDB1E24E55" controlTypeID="Panel" x="0" y="0" w="800" h="600" zOrder="0">
          <locked>True</locked>
          <color>1879048192</color>
          <borderVisible>False</borderVisible>
          <canMove>False</canMove>
          <alias>background</alias>
          <groupChildrenDescriptors>
            <control controlID="4EF48C1E-0340-EB11-9195-10DDB1E24E55" controlTypeID="Border" x="0" y="0" w="800" h="600" zOrder="0">
              <borderVisible>False</borderVisible>
              <alias>borderLayer</alias>
              <textSize>12</textSize>
            </control>
          </groupChildrenDescriptors>
          <thinkness>1</thinkness>
          <textSize>12</textSize>
        </control>
        <control controlID="BC0D8D1E-0340-EB11-9195-10DDB1E24E55" controlTypeID="PopupPanelContent" x="408" y="419" w="345" h="55" zOrder="1">
          <color>16777215</color>
          <alias>content</alias>
          <groupChildrenDescriptors>
            <control controlID="E255B226-0340-EB11-9195-10DDB1E24E55" controlTypeID="Shape" x="0" y="0" w="345" h="55" zOrder="0">
              <color>4294111986</color>
              <borderVisible>False</borderVisible>
              <font family=".AppleSystemUIFont" displayName=".AppleSystemUIFont" postScript="" weightStyle="Bold" weight="700" isBold="True" isItalic="False" useDefaultFontFamily="False"/>
              <text>Enrollment+successful%2Ffailed+message</text>
              <textSize>14</textSize>
              <textStyles>[fsBold]</textStyles>
              <useDefaultTextSize>False</useDefaultTextSize>
              <selectedIndex>-1</selectedIndex>
              <radius>8</radius>
            </control>
          </groupChildrenDescriptors>
          <textSize>12</textSize>
        </control>
      </groupChildrenDescriptors>
      <textSize>12</textSize>
    </control>
    <control controlID="B270773F-0340-EB11-9195-10DDB1E24E55" controlTypeID="PopupPanel" x="639" y="417" w="46" h="46" zOrder="17">
      <groupChildrenDescriptors>
        <control controlID="3890773F-0340-EB11-9195-10DDB1E24E55" controlTypeID="Panel" x="0" y="0" w="800" h="600" zOrder="0">
          <locked>True</locked>
          <color>1879048192</color>
          <borderVisible>False</borderVisible>
          <canMove>False</canMove>
          <alias>background</alias>
          <groupChildrenDescriptors>
            <control controlID="46AA773F-0340-EB11-9195-10DDB1E24E55" controlTypeID="Border" x="0" y="0" w="800" h="600" zOrder="0">
              <borderVisible>False</borderVisible>
              <alias>borderLayer</alias>
              <textSize>12</textSize>
            </control>
          </groupChildrenDescriptors>
          <thinkness>1</thinkness>
          <textSize>12</textSize>
        </control>
        <control controlID="5CC1773F-0340-EB11-9195-10DDB1E24E55" controlTypeID="PopupPanelContent" x="467" y="411" w="313" h="67" zOrder="1">
          <color>16777215</color>
          <alias>content</alias>
          <groupChildrenDescriptors>
            <control controlID="564EC745-0340-EB11-9195-10DDB1E24E55" controlTypeID="Shape" x="0" y="0" w="313" h="67" zOrder="0">
              <color>4294111986</color>
              <borderVisible>False</borderVisible>
              <font family=".AppleSystemUIFont" displayName=".AppleSystemUIFont" postScript="" weightStyle="Bold" weight="700" isBold="True" isItalic="False" useDefaultFontFamily="False"/>
              <text>Withdrawl+success%2Ferror+message%0A</text>
              <textSize>14</textSize>
              <textStyles>[fsBold]</textStyles>
              <useDefaultTextSize>False</useDefaultTextSize>
              <selectedIndex>-1</selectedIndex>
              <radius>8</radius>
            </control>
          </groupChildrenDescriptors>
          <textSize>12</textSize>
        </control>
      </groupChildrenDescriptors>
      <textSize>12</textSize>
    </control>
  </controls>
  <param>
    <backgroundColor>4291624959</backgroundColor>
    <fontSize>12</fontSize>
    <fontFamily>.AppleSystemUIFont</fontFamily>
    <guideLines/>
  </param>
</mockup>