﻿<mockup version="5.3" minAllowVersion="5.3" ID="9C69843C-FD3F-EB11-ACBC-10DDB1E24E55" platform="MtDesktop" defaultW="800" defaultH="600" measureW="800" measureH="600" mobileScreenScale="0">
  <controls controlCount="19">
    <control controlID="F6E3EA51-FD3F-EB11-ACBC-10DDB1E24E55" controlTypeID="Shape" x="20" y="10" w="763" h="65" zOrder="0">
      <color>4290559164</color>
      <borderColor>4278190080</borderColor>
      <borderVisible>False</borderVisible>
      <font family="Times+New+Roman" displayName="Times+New+Roman+Bold" postScript="TimesNewRomanPS-BoldMT" weightStyle="Bold" weight="700" isBold="True" isItalic="False" useDefaultFontFamily="False"/>
      <text>ADMIN+PANEL%0A</text>
      <textColor>4294967295</textColor>
      <textSize>20</textSize>
      <textStyles>[fsBold]</textStyles>
      <useDefaultTextSize>False</useDefaultTextSize>
      <selectedIndex>-1</selectedIndex>
      <dashMode>SdDash</dashMode>
      <radius>8</radius>
    </control>
    <control controlID="BAF51795-FD3F-EB11-ACBC-10DDB1E24E55" controlTypeID="Table" x="24" y="118" w="233" h="90" zOrder="1">
      <font family=".AppleSystemUIFont" displayName=".AppleSystemUIFont" postScript="" weightStyle="Regular" weight="400" isBold="False" isItalic="False"/>
      <text>Admin+ID%3A+102%09Admin+Name%3A+Muaz%09Admin+Address%3A+Lahore</text>
      <textAlign>HaCenter</textAlign>
      <lineSpacing>0</lineSpacing>
      <thickness>1</thickness>
      <dashMode>SdSolid</dashMode>
      <tableStyle>tsNone</tableStyle>
      <backColor>4291611852</backColor>
      <fontFamily/>
      <fontWeight>Regular</fontWeight>
      <textStyles>[]</textStyles>
      <cells>
        <cell rows="0,0" cols="0,0">
          <backColor>4293190884</backColor>
          <fontSize>12</fontSize>
          <textHAlign>HaLeft</textHAlign>
          <textVAlign>VaMiddle</textVAlign>
          <textColor>4278190080</textColor>
          <textWordWrap>True</textWordWrap>
          <fontFamily>.AppleSystemUIFont</fontFamily>
          <fontWeight>Regular</fontWeight>
          <textStyles>[]</textStyles>
          <text>Admin+ID%3A+102</text>
          <textHeight>27</textHeight>
          <font family=".AppleSystemUIFont" displayName=".AppleSystemUIFont" postScript="" weightStyle="Regular" weight="400" isBold="False" isItalic="False"/>
        </cell>
        <cell rows="1,1" cols="0,0">
          <backColor>4294111986</backColor>
          <fontSize>12</fontSize>
          <textHAlign>HaLeft</textHAlign>
          <textVAlign>VaMiddle</textVAlign>
          <textColor>4278190080</textColor>
          <textWordWrap>True</textWordWrap>
          <fontFamily>.AppleSystemUIFont</fontFamily>
          <fontWeight>Regular</fontWeight>
          <textStyles>[]</textStyles>
          <text>Admin+Name%3A+Muaz</text>
          <textHeight>27</textHeight>
          <font family=".AppleSystemUIFont" displayName=".AppleSystemUIFont" postScript="" weightStyle="Regular" weight="400" isBold="False" isItalic="False"/>
        </cell>
        <cell rows="2,2" cols="0,0">
          <backColor>4293190884</backColor>
          <fontSize>12</fontSize>
          <textHAlign>HaLeft</textHAlign>
          <textVAlign>VaMiddle</textVAlign>
          <textColor>4278190080</textColor>
          <textWordWrap>True</textWordWrap>
          <fontFamily>.AppleSystemUIFont</fontFamily>
          <fontWeight>Regular</fontWeight>
          <textStyles>[]</textStyles>
          <text>Admin+Address%3A+Lahore</text>
          <textHeight>27</textHeight>
          <font family=".AppleSystemUIFont" displayName=".AppleSystemUIFont" postScript="" weightStyle="Regular" weight="400" isBold="False" isItalic="False"/>
        </cell>
      </cells>
      <rows>
        <row height="30">
          <backColor>4293190884</backColor>
          <textHAlign>HaLeft</textHAlign>
          <fontFamily/>
          <fontWeight>Regular</fontWeight>
          <textStyles>[]</textStyles>
          <isAutoRowHeight>True</isAutoRowHeight>
        </row>
        <row height="30">
          <backColor>4294111986</backColor>
          <textHAlign>HaLeft</textHAlign>
          <fontFamily/>
          <fontWeight>Regular</fontWeight>
          <textStyles>[]</textStyles>
          <isAutoRowHeight>True</isAutoRowHeight>
        </row>
        <row height="30">
          <backColor>4293190884</backColor>
          <textHAlign>HaLeft</textHAlign>
          <fontFamily/>
          <fontWeight>Regular</fontWeight>
          <textStyles>[]</textStyles>
          <isAutoRowHeight>True</isAutoRowHeight>
        </row>
      </rows>
      <cols>
        <col width="233">
          <backColor>4291611852</backColor>
          <fontFamily/>
          <fontWeight>Regular</fontWeight>
          <textStyles>[]</textStyles>
        </col>
      </cols>
    </control>
    <control controlID="D2EFF5BC-FE3F-EB11-ACBC-10DDB1E24E55" controlTypeID="TextArea" x="408" y="119" w="372" h="90" zOrder="2">
      <borderColor>4287006342</borderColor>
      <font family=".AppleSystemUIFont" displayName=".AppleSystemUIFont" postScript="" weightStyle="Regular" weight="400" isBold="False" isItalic="False"/>
      <text>Pellentesque+iaculis%2C+augue+eu+bibendum+posuere%2C+erat+orci+vestibulum+mi%2C+id+tempor+augue+enim+ut+sapien.+Class+aptent+taciti+sociosqu+ad+litora+torquent+per+conubia+nostra%2C+per+inceptos+himenaeos.+Mauris+scelerisque+orci+sed+sapien+vulputate+aliquam.+Sed+volutpat+maximus+libero+eget+porttitor.+Ut+a+massa+porta%2C+dapibus+justo+sed%2C+varius+sapien.+Cum+sociis+natoque+penatibus+et+magnis+dis+parturient+montes%2C+nascetur+ridiculus+mus.+Praesent+neque+arcu%2C+aliquam+ut+eros+sollicitudin%2C+fermentum+venenatis+risus.+Vestibulum+eleifend+ligula+a+odio+tristique%2C+et+molestie+lacus+pretium.+Etiam+tempus+ornare+eros+vel+pharetra.+Pellentesque+in+felis+quam.+In+risus+justo%2C+congue+ut+quam+vel%2C+dictum+dapibus+nunc.%0D%0A</text>
      <textSize>12</textSize>
      <selectedIndex>-1</selectedIndex>
    </control>
    <control controlID="387D01DC-FE3F-EB11-ACBC-10DDB1E24E55" controlTypeID="Shape" x="24" y="85" w="233" h="33" zOrder="3">
      <color>4294111986</color>
      <font family=".AppleSystemUIFont" displayName=".AppleSystemUIFont" postScript="" weightStyle="Bold" weight="700" isBold="True" isItalic="False"/>
      <text>Admin+Details</text>
      <textSize>16</textSize>
      <textStyles>[fsBold]</textStyles>
      <useDefaultTextSize>False</useDefaultTextSize>
      <selectedIndex>-1</selectedIndex>
    </control>
    <control controlID="E8BF2B00-FF3F-EB11-ACBC-10DDB1E24E55" controlTypeID="Shape" x="275" y="86" w="114" h="33" zOrder="4">
      <color>4294111986</color>
      <font family=".AppleSystemUIFont" displayName=".AppleSystemUIFont" postScript="" weightStyle="Bold" weight="700" isBold="True" isItalic="False"/>
      <text>Messages</text>
      <textSize>14</textSize>
      <textStyles>[fsBold]</textStyles>
      <useDefaultTextSize>False</useDefaultTextSize>
      <selectedIndex>-1</selectedIndex>
    </control>
    <control controlID="60AC263C-FF3F-EB11-ACBC-10DDB1E24E55" controlTypeID="Shape" x="408" y="86" w="372" h="33" zOrder="5">
      <color>4294111986</color>
      <font family=".AppleSystemUIFont" displayName=".AppleSystemUIFont" postScript="" weightStyle="Bold" weight="700" isBold="True" isItalic="False"/>
      <text>Notification+Panel</text>
      <textSize>16</textSize>
      <textStyles>[fsBold]</textStyles>
      <useDefaultTextSize>False</useDefaultTextSize>
      <selectedIndex>-1</selectedIndex>
    </control>
    <control controlID="8CB5915F-FF3F-EB11-ACBC-10DDB1E24E55" controlTypeID="Table" x="17" y="273" w="763" h="179" zOrder="6">
      <interactiveData>
        <entry title="">
          <area shape="0" alt="" ID="{F821DDC3-0840-EB11-9195-10DDB1E24E55}" coords="(0,0,763,30)"/>
          <events title=""/>
        </entry>
        <entry title="">
          <area shape="0" alt="" ID="{D62FDDC3-0840-EB11-9195-10DDB1E24E55}" coords="(0,30,763,60)"/>
          <events title="">
            <event eventType="atClick" isChecked="True">
              <behaviour title="" isChecked="True" isWait="False" isLoop="False" execMode="emParallel">
                <target targetID="642F16C6-0840-EB11-9195-10DDB1E24E55" isChecked="True" isAutoRecovery="False" isLoop="False" execMode="emSequence">
                  <command name="Popup State Change" isChecked="True" descrition="">
                    <param name="AniInterpolation" value="0" varType="3" description=""/>
                    <param name="AniDuration" value="200" varType="3" description=""/>
                    <param name="AniAutoReverse" value="False" varType="11" description=""/>
                    <param name="AniLoop" value="False" varType="11" description=""/>
                    <param name="AniInterpolationTypeOut" value="False" varType="11" description=""/>
                    <param name="Delay" value="0" varType="3" description=""/>
                    <param name="Value" value="2" varType="3" description=""/>
                    <param name="AniType" value="0" varType="3" description=""/>
                  </command>
                </target>
              </behaviour>
            </event>
          </events>
        </entry>
        <entry title="">
          <area shape="0" alt="" ID="{1C30DDC3-0840-EB11-9195-10DDB1E24E55}" coords="(0,60,763,101)"/>
          <events title="">
            <event eventType="atClick" isChecked="True">
              <behaviour title="" isChecked="True" isWait="False" isLoop="False" execMode="emParallel">
                <target targetID="642F16C6-0840-EB11-9195-10DDB1E24E55" isChecked="True" isAutoRecovery="False" isLoop="False" execMode="emSequence">
                  <command name="Popup State Change" isChecked="True" descrition="">
                    <param name="AniInterpolation" value="0" varType="3" description=""/>
                    <param name="AniDuration" value="200" varType="3" description=""/>
                    <param name="AniAutoReverse" value="False" varType="11" description=""/>
                    <param name="AniLoop" value="False" varType="11" description=""/>
                    <param name="AniInterpolationTypeOut" value="False" varType="11" description=""/>
                    <param name="Delay" value="0" varType="3" description=""/>
                    <param name="Value" value="2" varType="3" description=""/>
                    <param name="AniType" value="0" varType="3" description=""/>
                  </command>
                </target>
              </behaviour>
            </event>
          </events>
        </entry>
        <entry title="">
          <area shape="0" alt="" ID="{3660DEC3-0840-EB11-9195-10DDB1E24E55}" coords="(0,101,763,138)"/>
          <events title="">
            <event eventType="atClick" isChecked="True">
              <behaviour title="" isChecked="True" isWait="False" isLoop="False" execMode="emParallel">
                <target targetID="642F16C6-0840-EB11-9195-10DDB1E24E55" isChecked="True" isAutoRecovery="False" isLoop="False" execMode="emSequence">
                  <command name="Popup State Change" isChecked="True" descrition="">
                    <param name="AniInterpolation" value="0" varType="3" description=""/>
                    <param name="AniDuration" value="200" varType="3" description=""/>
                    <param name="AniAutoReverse" value="False" varType="11" description=""/>
                    <param name="AniLoop" value="False" varType="11" description=""/>
                    <param name="AniInterpolationTypeOut" value="False" varType="11" description=""/>
                    <param name="Delay" value="0" varType="3" description=""/>
                    <param name="Value" value="2" varType="3" description=""/>
                    <param name="AniType" value="0" varType="3" description=""/>
                  </command>
                </target>
              </behaviour>
            </event>
          </events>
        </entry>
        <entry title="">
          <area shape="0" alt="" ID="{8660DEC3-0840-EB11-9195-10DDB1E24E55}" coords="(0,138,763,179)"/>
          <events title="">
            <event eventType="atClick" isChecked="True">
              <behaviour title="" isChecked="True" isWait="False" isLoop="False" execMode="emParallel">
                <target targetID="642F16C6-0840-EB11-9195-10DDB1E24E55" isChecked="True" isAutoRecovery="False" isLoop="False" execMode="emSequence">
                  <command name="Popup State Change" isChecked="True" descrition="">
                    <param name="AniInterpolation" value="0" varType="3" description=""/>
                    <param name="AniDuration" value="200" varType="3" description=""/>
                    <param name="AniAutoReverse" value="False" varType="11" description=""/>
                    <param name="AniLoop" value="False" varType="11" description=""/>
                    <param name="AniInterpolationTypeOut" value="False" varType="11" description=""/>
                    <param name="Delay" value="0" varType="3" description=""/>
                    <param name="Value" value="2" varType="3" description=""/>
                    <param name="AniType" value="0" varType="3" description=""/>
                  </command>
                </target>
              </behaviour>
            </event>
          </events>
        </entry>
      </interactiveData>
      <font family=".AppleSystemUIFont" displayName=".AppleSystemUIFont" postScript="" weightStyle="Regular" weight="400" isBold="False" isItalic="False"/>
      <text>Rregistration+ID%09Student+Name%09Student+ID%09Course+Name%09Course+ID%09%09r100101%09Moaz%09s100%09OOP%09101%09de-enroll%09r101102%09Ali%09s101%09Stats%09102%09de-enroll%09r103103%09Ahmad%09s103%09ALGO%09103%09de-enroll%09r104101%09Hamza%09s104%09OOP%09101%09de-enroll</text>
      <textAlign>HaCenter</textAlign>
      <lineSpacing>0</lineSpacing>
      <thickness>1</thickness>
      <dashMode>SdSolid</dashMode>
      <tableStyle>tsNone</tableStyle>
      <fontFamily/>
      <fontWeight>Regular</fontWeight>
      <textStyles>[]</textStyles>
      <cells>
        <cell rows="0,0" cols="0,0">
          <backColor>4294111986</backColor>
          <fontFamily>.AppleSystemUIFont</fontFamily>
          <fontWeight>Bold</fontWeight>
          <textStyles>[fsBold,fsUnderline]</textStyles>
          <text>Rregistration+ID</text>
          <textHeight>27</textHeight>
          <font family=".AppleSystemUIFont" displayName=".AppleSystemUIFont" postScript="" weightStyle="Bold" weight="700" isBold="True" isItalic="False"/>
        </cell>
        <cell rows="0,0" cols="1,1">
          <backColor>4294111986</backColor>
          <fontFamily>.AppleSystemUIFont</fontFamily>
          <fontWeight>Bold</fontWeight>
          <textStyles>[fsBold,fsUnderline]</textStyles>
          <text>Student+Name</text>
          <textHeight>27</textHeight>
          <font family=".AppleSystemUIFont" displayName=".AppleSystemUIFont" postScript="" weightStyle="Bold" weight="700" isBold="True" isItalic="False"/>
        </cell>
        <cell rows="0,0" cols="2,2">
          <backColor>4294111986</backColor>
          <fontFamily>.AppleSystemUIFont</fontFamily>
          <fontWeight>Bold</fontWeight>
          <textStyles>[fsBold,fsUnderline]</textStyles>
          <text>Student+ID</text>
          <textHeight>27</textHeight>
          <font family=".AppleSystemUIFont" displayName=".AppleSystemUIFont" postScript="" weightStyle="Bold" weight="700" isBold="True" isItalic="False"/>
        </cell>
        <cell rows="0,0" cols="3,3">
          <fontSize>12</fontSize>
          <textHAlign>HaCenter</textHAlign>
          <textVAlign>VaMiddle</textVAlign>
          <textColor>4278190080</textColor>
          <textWordWrap>True</textWordWrap>
          <fontFamily>.AppleSystemUIFont</fontFamily>
          <fontWeight>Bold</fontWeight>
          <textStyles>[fsBold,fsUnderline]</textStyles>
          <text>Course+Name</text>
          <textHeight>27</textHeight>
          <font family=".AppleSystemUIFont" displayName=".AppleSystemUIFont" postScript="" weightStyle="Bold" weight="700" isBold="True" isItalic="False"/>
        </cell>
        <cell rows="0,0" cols="4,4">
          <fontSize>12</fontSize>
          <textHAlign>HaCenter</textHAlign>
          <textVAlign>VaMiddle</textVAlign>
          <textColor>4278190080</textColor>
          <textWordWrap>True</textWordWrap>
          <fontFamily>.AppleSystemUIFont</fontFamily>
          <fontWeight>Bold</fontWeight>
          <textStyles>[fsBold,fsUnderline]</textStyles>
          <text>Course+ID</text>
          <textHeight>27</textHeight>
          <font family=".AppleSystemUIFont" displayName=".AppleSystemUIFont" postScript="" weightStyle="Bold" weight="700" isBold="True" isItalic="False"/>
        </cell>
        <cell rows="0,0" cols="5,5">
          <fontFamily>.AppleSystemUIFont</fontFamily>
          <fontWeight>Regular</fontWeight>
          <textStyles>[]</textStyles>
          <textHeight>12</textHeight>
          <font family=".AppleSystemUIFont" displayName=".AppleSystemUIFont" postScript="" weightStyle="Regular" weight="400" isBold="False" isItalic="False"/>
        </cell>
        <cell rows="1,1" cols="0,0">
          <backColor>4293190884</backColor>
          <fontFamily>.AppleSystemUIFont</fontFamily>
          <fontWeight>Regular</fontWeight>
          <textStyles>[]</textStyles>
          <text>r100101</text>
          <textHeight>27</textHeight>
          <font family=".AppleSystemUIFont" displayName=".AppleSystemUIFont" postScript="" weightStyle="Regular" weight="400" isBold="False" isItalic="False"/>
        </cell>
        <cell rows="1,1" cols="1,1">
          <backColor>4293190884</backColor>
          <fontFamily>.AppleSystemUIFont</fontFamily>
          <fontWeight>Regular</fontWeight>
          <textStyles>[]</textStyles>
          <text>Moaz</text>
          <textHeight>27</textHeight>
          <font family=".AppleSystemUIFont" displayName=".AppleSystemUIFont" postScript="" weightStyle="Regular" weight="400" isBold="False" isItalic="False"/>
        </cell>
        <cell rows="1,1" cols="2,2">
          <backColor>4293190884</backColor>
          <fontFamily>.AppleSystemUIFont</fontFamily>
          <fontWeight>Regular</fontWeight>
          <textStyles>[]</textStyles>
          <text>s100</text>
          <textHeight>27</textHeight>
          <font family=".AppleSystemUIFont" displayName=".AppleSystemUIFont" postScript="" weightStyle="Regular" weight="400" isBold="False" isItalic="False"/>
        </cell>
        <cell rows="1,1" cols="3,3">
          <fontFamily>.AppleSystemUIFont</fontFamily>
          <fontWeight>Regular</fontWeight>
          <textStyles>[]</textStyles>
          <text>OOP</text>
          <textHeight>27</textHeight>
          <font family=".AppleSystemUIFont" displayName=".AppleSystemUIFont" postScript="" weightStyle="Regular" weight="400" isBold="False" isItalic="False"/>
        </cell>
        <cell rows="1,1" cols="4,4">
          <fontFamily>.AppleSystemUIFont</fontFamily>
          <fontWeight>Regular</fontWeight>
          <textStyles>[]</textStyles>
          <text>101</text>
          <textHeight>27</textHeight>
          <font family=".AppleSystemUIFont" displayName=".AppleSystemUIFont" postScript="" weightStyle="Regular" weight="400" isBold="False" isItalic="False"/>
        </cell>
        <cell rows="1,1" cols="5,5">
          <fontSize>12</fontSize>
          <textHAlign>HaCenter</textHAlign>
          <textVAlign>VaMiddle</textVAlign>
          <textColor>4278190335</textColor>
          <textWordWrap>True</textWordWrap>
          <fontFamily>.AppleSystemUIFont</fontFamily>
          <fontWeight>Regular</fontWeight>
          <textStyles>[fsUnderline]</textStyles>
          <text>de-enroll</text>
          <textHeight>27</textHeight>
          <font family=".AppleSystemUIFont" displayName=".AppleSystemUIFont" postScript="" weightStyle="Regular" weight="400" isBold="False" isItalic="False"/>
        </cell>
        <cell rows="2,2" cols="0,0">
          <backColor>4294111986</backColor>
          <fontSize>12</fontSize>
          <textHAlign>HaCenter</textHAlign>
          <textVAlign>VaMiddle</textVAlign>
          <textColor>4278190080</textColor>
          <textWordWrap>True</textWordWrap>
          <fontFamily>.AppleSystemUIFont</fontFamily>
          <fontWeight>Regular</fontWeight>
          <textStyles>[]</textStyles>
          <text>r101102</text>
          <textHeight>27</textHeight>
          <font family=".AppleSystemUIFont" displayName=".AppleSystemUIFont" postScript="" weightStyle="Regular" weight="400" isBold="False" isItalic="False"/>
        </cell>
        <cell rows="2,2" cols="1,1">
          <backColor>4294111986</backColor>
          <fontSize>12</fontSize>
          <textHAlign>HaCenter</textHAlign>
          <textVAlign>VaMiddle</textVAlign>
          <textColor>4278190080</textColor>
          <textWordWrap>True</textWordWrap>
          <fontFamily>.AppleSystemUIFont</fontFamily>
          <fontWeight>Regular</fontWeight>
          <textStyles>[]</textStyles>
          <text>Ali</text>
          <textHeight>27</textHeight>
          <font family=".AppleSystemUIFont" displayName=".AppleSystemUIFont" postScript="" weightStyle="Regular" weight="400" isBold="False" isItalic="False"/>
        </cell>
        <cell rows="2,2" cols="2,2">
          <backColor>4294111986</backColor>
          <fontSize>12</fontSize>
          <textHAlign>HaCenter</textHAlign>
          <textVAlign>VaMiddle</textVAlign>
          <textColor>4278190080</textColor>
          <textWordWrap>True</textWordWrap>
          <fontFamily>.AppleSystemUIFont</fontFamily>
          <fontWeight>Regular</fontWeight>
          <textStyles>[]</textStyles>
          <text>s101</text>
          <textHeight>27</textHeight>
          <font family=".AppleSystemUIFont" displayName=".AppleSystemUIFont" postScript="" weightStyle="Regular" weight="400" isBold="False" isItalic="False"/>
        </cell>
        <cell rows="2,2" cols="3,3">
          <fontFamily>.AppleSystemUIFont</fontFamily>
          <fontWeight>Regular</fontWeight>
          <textStyles>[]</textStyles>
          <text>Stats</text>
          <textHeight>27</textHeight>
          <font family=".AppleSystemUIFont" displayName=".AppleSystemUIFont" postScript="" weightStyle="Regular" weight="400" isBold="False" isItalic="False"/>
        </cell>
        <cell rows="2,2" cols="4,4">
          <fontFamily>.AppleSystemUIFont</fontFamily>
          <fontWeight>Regular</fontWeight>
          <textStyles>[]</textStyles>
          <text>102</text>
          <textHeight>27</textHeight>
          <font family=".AppleSystemUIFont" displayName=".AppleSystemUIFont" postScript="" weightStyle="Regular" weight="400" isBold="False" isItalic="False"/>
        </cell>
        <cell rows="2,2" cols="5,5">
          <textColor>4278190335</textColor>
          <fontFamily>.AppleSystemUIFont</fontFamily>
          <fontWeight>Regular</fontWeight>
          <textStyles>[fsUnderline]</textStyles>
          <text>de-enroll</text>
          <textHeight>27</textHeight>
          <font family=".AppleSystemUIFont" displayName=".AppleSystemUIFont" postScript="" weightStyle="Regular" weight="400" isBold="False" isItalic="False"/>
        </cell>
        <cell rows="3,3" cols="0,0">
          <backColor>4293190884</backColor>
          <fontFamily>.AppleSystemUIFont</fontFamily>
          <fontWeight>Regular</fontWeight>
          <textStyles>[]</textStyles>
          <text>r103103</text>
          <textHeight>27</textHeight>
          <font family=".AppleSystemUIFont" displayName=".AppleSystemUIFont" postScript="" weightStyle="Regular" weight="400" isBold="False" isItalic="False"/>
        </cell>
        <cell rows="3,3" cols="1,1">
          <backColor>4293190884</backColor>
          <fontSize>12</fontSize>
          <textHAlign>HaCenter</textHAlign>
          <textVAlign>VaMiddle</textVAlign>
          <textColor>4278190080</textColor>
          <textWordWrap>True</textWordWrap>
          <fontFamily>.AppleSystemUIFont</fontFamily>
          <fontWeight>Regular</fontWeight>
          <textStyles>[]</textStyles>
          <text>Ahmad</text>
          <textHeight>27</textHeight>
          <font family=".AppleSystemUIFont" displayName=".AppleSystemUIFont" postScript="" weightStyle="Regular" weight="400" isBold="False" isItalic="False"/>
        </cell>
        <cell rows="3,3" cols="2,2">
          <backColor>4293190884</backColor>
          <fontFamily>.AppleSystemUIFont</fontFamily>
          <fontWeight>Regular</fontWeight>
          <textStyles>[]</textStyles>
          <text>s103</text>
          <textHeight>27</textHeight>
          <font family=".AppleSystemUIFont" displayName=".AppleSystemUIFont" postScript="" weightStyle="Regular" weight="400" isBold="False" isItalic="False"/>
        </cell>
        <cell rows="3,3" cols="3,3">
          <fontFamily>.AppleSystemUIFont</fontFamily>
          <fontWeight>Regular</fontWeight>
          <textStyles>[]</textStyles>
          <text>ALGO</text>
          <textHeight>27</textHeight>
          <font family=".AppleSystemUIFont" displayName=".AppleSystemUIFont" postScript="" weightStyle="Regular" weight="400" isBold="False" isItalic="False"/>
        </cell>
        <cell rows="3,3" cols="4,4">
          <fontFamily>.AppleSystemUIFont</fontFamily>
          <fontWeight>Regular</fontWeight>
          <textStyles>[]</textStyles>
          <text>103</text>
          <textHeight>27</textHeight>
          <font family=".AppleSystemUIFont" displayName=".AppleSystemUIFont" postScript="" weightStyle="Regular" weight="400" isBold="False" isItalic="False"/>
        </cell>
        <cell rows="3,3" cols="5,5">
          <fontSize>12</fontSize>
          <textHAlign>HaCenter</textHAlign>
          <textVAlign>VaMiddle</textVAlign>
          <textColor>4278190335</textColor>
          <textWordWrap>True</textWordWrap>
          <fontFamily>.AppleSystemUIFont</fontFamily>
          <fontWeight>Regular</fontWeight>
          <textStyles>[]</textStyles>
          <text>de-enroll</text>
          <textHeight>27</textHeight>
          <font family=".AppleSystemUIFont" displayName=".AppleSystemUIFont" postScript="" weightStyle="Regular" weight="400" isBold="False" isItalic="False"/>
        </cell>
        <cell rows="4,4" cols="0,0">
          <backColor>4294111986</backColor>
          <fontFamily>.AppleSystemUIFont</fontFamily>
          <fontWeight>Regular</fontWeight>
          <textStyles>[]</textStyles>
          <text>r104101</text>
          <textHeight>27</textHeight>
          <font family=".AppleSystemUIFont" displayName=".AppleSystemUIFont" postScript="" weightStyle="Regular" weight="400" isBold="False" isItalic="False"/>
        </cell>
        <cell rows="4,4" cols="1,1">
          <backColor>4294111986</backColor>
          <fontSize>12</fontSize>
          <textHAlign>HaCenter</textHAlign>
          <textVAlign>VaMiddle</textVAlign>
          <textColor>4278190080</textColor>
          <textWordWrap>True</textWordWrap>
          <fontFamily>.AppleSystemUIFont</fontFamily>
          <fontWeight>Regular</fontWeight>
          <textStyles>[]</textStyles>
          <text>Hamza</text>
          <textHeight>27</textHeight>
          <font family=".AppleSystemUIFont" displayName=".AppleSystemUIFont" postScript="" weightStyle="Regular" weight="400" isBold="False" isItalic="False"/>
        </cell>
        <cell rows="4,4" cols="2,2">
          <backColor>4294111986</backColor>
          <fontFamily>.AppleSystemUIFont</fontFamily>
          <fontWeight>Regular</fontWeight>
          <textStyles>[]</textStyles>
          <text>s104</text>
          <textHeight>27</textHeight>
          <font family=".AppleSystemUIFont" displayName=".AppleSystemUIFont" postScript="" weightStyle="Regular" weight="400" isBold="False" isItalic="False"/>
        </cell>
        <cell rows="4,4" cols="3,3">
          <fontFamily>.AppleSystemUIFont</fontFamily>
          <fontWeight>Regular</fontWeight>
          <textStyles>[]</textStyles>
          <text>OOP</text>
          <textHeight>27</textHeight>
          <font family=".AppleSystemUIFont" displayName=".AppleSystemUIFont" postScript="" weightStyle="Regular" weight="400" isBold="False" isItalic="False"/>
        </cell>
        <cell rows="4,4" cols="4,4">
          <fontFamily>.AppleSystemUIFont</fontFamily>
          <fontWeight>Regular</fontWeight>
          <textStyles>[]</textStyles>
          <text>101</text>
          <textHeight>27</textHeight>
          <font family=".AppleSystemUIFont" displayName=".AppleSystemUIFont" postScript="" weightStyle="Regular" weight="400" isBold="False" isItalic="False"/>
        </cell>
        <cell rows="4,4" cols="5,5">
          <fontSize>12</fontSize>
          <textHAlign>HaCenter</textHAlign>
          <textVAlign>VaMiddle</textVAlign>
          <textColor>4278190335</textColor>
          <textWordWrap>True</textWordWrap>
          <fontFamily>.AppleSystemUIFont</fontFamily>
          <fontWeight>Regular</fontWeight>
          <textStyles>[fsUnderline]</textStyles>
          <text>de-enroll</text>
          <textHeight>27</textHeight>
          <font family=".AppleSystemUIFont" displayName=".AppleSystemUIFont" postScript="" weightStyle="Regular" weight="400" isBold="False" isItalic="False"/>
        </cell>
      </cells>
      <rows>
        <row height="30">
          <backColor>4294111986</backColor>
          <fontFamily/>
          <fontWeight>Regular</fontWeight>
          <textStyles>[fsBold,fsUnderline]</textStyles>
          <isAutoRowHeight>True</isAutoRowHeight>
        </row>
        <row height="30">
          <backColor>4293190884</backColor>
          <fontFamily/>
          <fontWeight>Regular</fontWeight>
          <textStyles>[]</textStyles>
          <isAutoRowHeight>True</isAutoRowHeight>
        </row>
        <row height="41">
          <backColor>4294111986</backColor>
          <fontFamily/>
          <fontWeight>Regular</fontWeight>
          <textStyles>[]</textStyles>
          <isAutoRowHeight>False</isAutoRowHeight>
        </row>
        <row height="37">
          <backColor>4293190884</backColor>
          <fontFamily/>
          <fontWeight>Regular</fontWeight>
          <textStyles>[]</textStyles>
          <isAutoRowHeight>False</isAutoRowHeight>
        </row>
        <row height="41">
          <backColor>4294111986</backColor>
          <fontFamily/>
          <fontWeight>Regular</fontWeight>
          <textStyles>[]</textStyles>
          <isAutoRowHeight>False</isAutoRowHeight>
        </row>
      </rows>
      <cols>
        <col width="112">
          <fontFamily/>
          <fontWeight>Regular</fontWeight>
          <textStyles>[]</textStyles>
        </col>
        <col width="117">
          <fontFamily/>
          <fontWeight>Regular</fontWeight>
          <textStyles>[]</textStyles>
        </col>
        <col width="140">
          <fontFamily/>
          <fontWeight>Regular</fontWeight>
          <textStyles>[]</textStyles>
        </col>
        <col width="141">
          <fontFamily/>
          <fontWeight>Regular</fontWeight>
          <textStyles>[]</textStyles>
        </col>
        <col width="141">
          <fontFamily/>
          <fontWeight>Regular</fontWeight>
          <textStyles>[]</textStyles>
        </col>
        <col width="112">
          <fontFamily/>
          <fontWeight>Regular</fontWeight>
          <textStyles>[]</textStyles>
        </col>
      </cols>
    </control>
    <control controlID="CC97ECAA-FF3F-EB11-ACBC-10DDB1E24E55" controlTypeID="Shape" x="20" y="226" w="760" h="37" zOrder="7">
      <color>4294111986</color>
      <borderColor>4278190080</borderColor>
      <font family=".AppleSystemUIFont" displayName=".AppleSystemUIFont" postScript="" weightStyle="Bold" weight="700" isBold="True" isItalic="False"/>
      <text>Enrolled+Student+Details</text>
      <textSize>16</textSize>
      <textStyles>[fsBold]</textStyles>
      <useDefaultTextSize>False</useDefaultTextSize>
      <selectedIndex>-1</selectedIndex>
    </control>
    <control controlID="BE5EB990-0240-EB11-9195-10DDB1E24E55" controlTypeID="Shape" x="599" y="510" w="181" h="62" zOrder="8">
      <color>4278190080</color>
      <links eventType="AtClick" animate="AmNone" animateAutoDelay="0" animateDuration="500">
        <link targetPageID="38F7A76D-E03D-EB11-A96F-10DDB1E24E55" linkType="ltPageLink" isApplyIncludePage="False" title="Admin+login">
          <area shape="0" alt="" ID="{2C1E60EE-0240-EB11-9195-10DDB1E24E55}" coords="(0,0,181,62)"/>
        </link>
      </links>
      <font family=".AppleSystemUIFont" displayName=".AppleSystemUIFont" postScript="" weightStyle="Bold" weight="700" isBold="True" isItalic="False" useDefaultFontFamily="False"/>
      <text>LOGOUT</text>
      <textColor>4294967295</textColor>
      <textSize>16</textSize>
      <textStyles>[fsBold]</textStyles>
      <useDefaultTextSize>False</useDefaultTextSize>
      <selectedIndex>-1</selectedIndex>
      <dashMode>SdDash</dashMode>
      <borderMode>[bmRight,bmBottom]</borderMode>
      <radius>8</radius>
    </control>
    <control controlID="949F9603-0540-EB11-9195-10DDB1E24E55" controlTypeID="Table" x="275" y="119" w="114" h="90" zOrder="9">
      <font family=".AppleSystemUIFont" displayName=".AppleSystemUIFont" postScript="" weightStyle="Regular" weight="400" isBold="False" isItalic="False"/>
      <text>Message+1%09Message+2</text>
      <textAlign>HaCenter</textAlign>
      <lineSpacing>0</lineSpacing>
      <thickness>1</thickness>
      <dashMode>SdSolid</dashMode>
      <tableStyle>tsNone</tableStyle>
      <fontFamily/>
      <fontWeight>Regular</fontWeight>
      <textStyles>[]</textStyles>
      <cells>
        <cell rows="0,0" cols="0,0">
          <backColor>4291414473</backColor>
          <fontFamily>.AppleSystemUIFont</fontFamily>
          <fontWeight>Regular</fontWeight>
          <textStyles>[]</textStyles>
          <text>Message+1</text>
          <textHeight>27</textHeight>
          <font family=".AppleSystemUIFont" displayName=".AppleSystemUIFont" postScript="" weightStyle="Regular" weight="400" isBold="False" isItalic="False"/>
        </cell>
        <cell rows="1,1" cols="0,0">
          <backColor>4292335575</backColor>
          <fontFamily>.AppleSystemUIFont</fontFamily>
          <fontWeight>Regular</fontWeight>
          <textStyles>[]</textStyles>
          <text>Message+2</text>
          <textHeight>27</textHeight>
          <font family=".AppleSystemUIFont" displayName=".AppleSystemUIFont" postScript="" weightStyle="Regular" weight="400" isBold="False" isItalic="False"/>
        </cell>
      </cells>
      <rows>
        <row height="39">
          <fontFamily/>
          <fontWeight>Regular</fontWeight>
          <textStyles>[]</textStyles>
          <isAutoRowHeight>False</isAutoRowHeight>
        </row>
        <row height="51">
          <backColor>4292335575</backColor>
          <fontFamily/>
          <fontWeight>Regular</fontWeight>
          <textStyles>[]</textStyles>
          <isAutoRowHeight>False</isAutoRowHeight>
        </row>
      </rows>
      <cols>
        <col width="114">
          <fontFamily/>
          <fontWeight>Regular</fontWeight>
          <textStyles>[]</textStyles>
        </col>
      </cols>
    </control>
    <control controlID="2627738D-0740-EB11-9195-10DDB1E24E55" controlTypeID="Shape" x="16" y="471" w="288" h="37" zOrder="10">
      <color>4288782753</color>
      <borderVisible>False</borderVisible>
      <font family=".AppleSystemUIFont" displayName=".AppleSystemUIFont" postScript="" weightStyle="Bold" weight="700" isBold="True" isItalic="False"/>
      <text>Enroll+a+student</text>
      <textSize>16</textSize>
      <textStyles>[fsBold]</textStyles>
      <useDefaultTextSize>False</useDefaultTextSize>
      <selectedIndex>-1</selectedIndex>
    </control>
    <control controlID="B80E6EAF-0740-EB11-9195-10DDB1E24E55" controlTypeID="Shape" x="16" y="508" w="195" h="32" zOrder="11">
      <color>4294111986</color>
      <font family=".AppleSystemUIFont" displayName=".AppleSystemUIFont" postScript="" weightStyle="Regular" weight="400" isBold="False" isItalic="False"/>
      <text>Student+ID%0A</text>
      <selectedIndex>-1</selectedIndex>
    </control>
    <control controlID="58B865B9-0740-EB11-9195-10DDB1E24E55" controlTypeID="Shape" x="16" y="538" w="195" h="34" zOrder="12">
      <color>4293190884</color>
      <font family=".AppleSystemUIFont" displayName=".AppleSystemUIFont" postScript="" weightStyle="Regular" weight="400" isBold="False" isItalic="False"/>
      <text>Course+ID</text>
      <selectedIndex>-1</selectedIndex>
    </control>
    <control controlID="E85AC837-0840-EB11-9195-10DDB1E24E55" controlTypeID="Shape" x="211" y="507" w="93" h="66" zOrder="13">
      <color>4284900966</color>
      <interactiveData>
        <entry title="">
          <area shape="0" alt="" ID="{DE68E2C3-0840-EB11-9195-10DDB1E24E55}" coords="(0,0,93,66)"/>
          <events title="">
            <event eventType="atClick" isChecked="True">
              <behaviour title="" isChecked="True" isWait="False" isLoop="False" execMode="emParallel">
                <target targetID="642F16C6-0840-EB11-9195-10DDB1E24E55" isChecked="True" isAutoRecovery="False" isLoop="False" execMode="emSequence">
                  <command name="Popup State Change" isChecked="True" descrition="">
                    <param name="AniInterpolation" value="0" varType="3" description=""/>
                    <param name="AniDuration" value="200" varType="3" description=""/>
                    <param name="AniAutoReverse" value="False" varType="11" description=""/>
                    <param name="AniLoop" value="False" varType="11" description=""/>
                    <param name="AniInterpolationTypeOut" value="False" varType="11" description=""/>
                    <param name="Delay" value="0" varType="3" description=""/>
                    <param name="Value" value="2" varType="3" description=""/>
                    <param name="AniType" value="0" varType="3" description=""/>
                  </command>
                </target>
              </behaviour>
            </event>
          </events>
        </entry>
      </interactiveData>
      <font family=".AppleSystemUIFont" displayName=".AppleSystemUIFont" postScript="" weightStyle="Bold" weight="700" isBold="True" isItalic="False" useDefaultFontFamily="False"/>
      <text>Enroll</text>
      <textColor>4294967295</textColor>
      <textSize>14</textSize>
      <textStyles>[fsBold]</textStyles>
      <useDefaultTextSize>False</useDefaultTextSize>
      <selectedIndex>-1</selectedIndex>
      <dashMode>SdDash</dashMode>
      <borderMode>[bmRight,bmBottom]</borderMode>
      <radius>8</radius>
    </control>
    <control controlID="642F16C6-0840-EB11-9195-10DDB1E24E55" controlTypeID="PopupPanel" x="324" y="458" w="46" h="46" zOrder="14">
      <groupChildrenDescriptors>
        <control controlID="A84A16C6-0840-EB11-9195-10DDB1E24E55" controlTypeID="Panel" x="0" y="0" w="800" h="600" zOrder="0">
          <locked>True</locked>
          <color>1879048192</color>
          <borderVisible>False</borderVisible>
          <canMove>False</canMove>
          <alias>background</alias>
          <groupChildrenDescriptors>
            <control controlID="106516C6-0840-EB11-9195-10DDB1E24E55" controlTypeID="Border" x="0" y="0" w="800" h="600" zOrder="0">
              <borderVisible>False</borderVisible>
              <alias>borderLayer</alias>
            </control>
          </groupChildrenDescriptors>
          <thinkness>1</thinkness>
        </control>
        <control controlID="EA8016C6-0840-EB11-9195-10DDB1E24E55" controlTypeID="PopupPanelContent" x="328" y="488" w="254" h="86" zOrder="1">
          <color>16777215</color>
          <alias>content</alias>
          <groupChildrenDescriptors>
            <control controlID="689AA8C9-0840-EB11-9195-10DDB1E24E55" controlTypeID="Shape" x="0" y="0" w="254" h="86" zOrder="0">
              <color>4292335575</color>
              <font family=".AppleSystemUIFont" displayName=".AppleSystemUIFont" postScript="" weightStyle="Bold" weight="700" isBold="True" isItalic="False"/>
              <text>Enroll%2FDe-Enroll++--+Success%2FError+message+</text>
              <textSize>20</textSize>
              <textStyles>[fsBold]</textStyles>
              <useDefaultTextSize>False</useDefaultTextSize>
              <selectedIndex>-1</selectedIndex>
            </control>
          </groupChildrenDescriptors>
        </control>
      </groupChildrenDescriptors>
    </control>
  </controls>
  <param>
    <backgroundColor>4291624959</backgroundColor>
    <fontSize>12</fontSize>
    <fontFamily>.AppleSystemUIFont</fontFamily>
    <guideLines/>
  </param>
</mockup>